claim_id,case_id,patent_number,claim_text_excerpt,scope_ruling
cl_000000,107160,1447712,,unreviewed
cl_000001,107160,2118222,,unreviewed
cl_000002,107160,2119884,,unreviewed
cl_000003,107160,2586687,,unreviewed
cl_000004,107160,2715480,,unreviewed
cl_000005,107160,2844290,,unreviewed
cl_000006,118092,4560746,,unreviewed
cl_000007,118510,3779401,,unreviewed
cl_000008,118510,4354125,,unreviewed
cl_000009,145655,5845265,,unreviewed
cl_000010,145737,5063811,,unreviewed
cl_000011,145737,5241936,,unreviewed
cl_000012,145737,5385068,,unreviewed
cl_000013,145737,5819593,,unreviewed
cl_000014,145737,6109241,,unreviewed
cl_000015,145737,6151986,,unreviewed
cl_000016,145737,6237565,,unreviewed
cl_000017,2676591,5337753,,unreviewed
cl_000018,2679203,5337753,,unreviewed
cl_000019,2744538,6116963,,unreviewed
cl_000020,2751497,7346545,,unreviewed
cl_000021,2757944,6629135,,unreviewed
cl_000022,2757944,6993572,,unreviewed
cl_000023,2757944,7818399,,unreviewed
cl_000024,2808717,6155840,,unreviewed
cl_000025,3202929,6151604,,unreviewed
cl_000026,3202929,6163775,,unreviewed
cl_000027,3204019,6038295,,unreviewed
cl_000028,3219449,5987606,,unreviewed
cl_000029,4080571,5946647,,unreviewed
cl_000030,4080571,7880730,,unreviewed
cl_000031,4080571,8046721,,unreviewed
cl_000032,4080571,8074172,,unreviewed
cl_000033,4094335,6418467,,unreviewed
cl_000034,4151013,6474159,,unreviewed
cl_000035,4174307,4876555,,unreviewed
cl_000036,4195898,5953740,,unreviewed
cl_000037,4235611,6154844,,unreviewed
cl_000038,4235611,6965968,,unreviewed
cl_000039,4235611,7418731,,unreviewed
cl_000040,4235611,7647633,,unreviewed
cl_000041,4239176,6781611,,unreviewed
cl_000042,4239176,8434020,,unreviewed
cl_000043,4239176,8713476,,unreviewed
cl_000044,4243359,7447713,,unreviewed
cl_000045,4244880,7171615,,unreviewed
cl_000046,4244880,8984393,,unreviewed
cl_000047,4266029,6769613,,unreviewed
cl_000048,4279966,6355623,,unreviewed
cl_000049,4279966,7447713,,unreviewed
cl_000050,4310945,8697359,,unreviewed
cl_000051,4342333,6411941,,unreviewed
cl_000052,4378736,6711615,,unreviewed
cl_000053,4661158,7359748,,unreviewed
cl_000054,599,6410516,,unreviewed
cl_000055,625710,6355623,,unreviewed
cl_000056,625710,6680302,,unreviewed
cl_000057,6651038,3779401,,unreviewed
cl_000058,6651038,4354125,,unreviewed
cl_000059,791122,4677798,,unreviewed
cl_000060,810,5530961,,unreviewed
cl_000061,810,5792659,,unreviewed
cl_000062,810,5812127,,unreviewed
cl_000063,810,5831608,,unreviewed
cl_000064,810,6295075,,unreviewed
cl_000065,8415477,6711615,,unreviewed
cl_000066,9225758,5845265,,unreviewed
cl_000067,9225759,5845265,,unreviewed
